year,state,residential,commercial,industrial,total
1990,AK,10.11,9.01,7.91,9.48
1990,AL,6.59,6.72,4.34,5.57
1990,AR,8.07,6.95,5.1,6.7
1990,AZ,9.04,8.29,5.58,7.75
1990,CA,9.98,9.46,7.28,8.84
1990,CO,7.02,5.67,4.49,5.89
1990,CT,10.01,9.11,7.55,9.16
1990,DC,6.1,6.35,5.16,5.94
1990,DE,8.39,6.91,4.51,6.46
1990,FL,7.77,6.66,5.08,7.04
1990,GA,7.46,7.33,4.83,6.56
1990,HI,10.26,10.18,7.57,9.02
1990,IA,7.81,6.27,3.98,5.93
1990,ID,4.87,4.25,2.62,3.8
1990,IL,9.92,7.77,5.4,7.49
1990,IN,6.87,6.05,4.07,5.36
1990,KS,7.83,6.64,4.94,6.57
1990,KY,5.69,5.37,3.58,4.48
1990,LA,7.41,7.05,4.19,6
1990,MA,9.66,8.56,7.89,8.85
1990,MD,7.22,6.71,5.1,6.3
1990,ME,9.3,8.03,5.96,7.65
1990,MI,7.83,8.14,5.85,7.1
1990,MN,6.8,5.98,4.14,5.33
1990,MO,7.36,6.46,4.95,6.46
1990,MS,6.89,7.21,4.65,6.11
1990,MT,5.45,4.68,2.87,3.96
1990,NC,7.84,6.42,4.77,6.38
1990,ND,6.26,6.45,4.79,5.75
1990,NE,6.23,5.73,4.19,5.57
1990,NH,10.34,9.5,7.47,9.09
1990,NJ,10.36,8.94,7.36,9.08
1990,NM,8.94,8.14,4.98,7.1
1990,NV,5.7,6.19,4.7,5.38
1990,NY,11.44,10.47,5.78,9.37
1990,OH,8.05,7.43,4.03,5.89
1990,OK,6.58,5.74,3.63,5.48
1990,OR,4.73,4.79,3.16,4.18
1990,PA,9.22,8.09,5.97,7.65
1990,RI,9.84,8.93,8.35,9.15
1990,SC,7.15,6.15,4.18,5.59
1990,SD,6.95,6.68,4.66,6.13
1990,TN,5.69,6.09,4.69,5.31
1990,TX,7.2,6.17,4.03,5.78
1990,US,7.83,7.34,4.74,6.57
1990,UT,7.13,6.26,3.8,5.46
1990,VA,7.25,6.06,4.27,6.03
1990,VT,9.27,8.5,6.62,8.28
1990,WA,4.39,4.15,2.39,3.4
1990,WI,6.63,5.78,3.99,5.37
1990,WV,5.9,5.36,3.56,4.73
1990,WY,5.97,5.17,3.47,4.21
1991,AK,10.67,9.27,8.22,9.8
1991,AL,6.69,6.81,4.37,5.64
1991,AR,8.1,6.95,5.05,6.69
1991,AZ,9.14,8.3,5.58,7.85
1991,CA,10.79,10.04,7.58,9.42
1991,CO,7.07,5.73,4.56,5.95
1991,CT,10.51,9.49,7.93,9.6
1991,DC,6.58,6.64,5.43,6.25
1991,DE,8.62,7.03,4.73,6.7
1991,FL,7.91,6.77,5.19,7.16
1991,GA,7.5,7.36,4.78,6.56
1991,HI,10.52,10.33,7.71,9.22
1991,IA,7.76,6.23,4.01,5.94
1991,ID,4.88,4.24,2.62,3.84
1991,IL,9.87,7.95,5.49,7.63
1991,IN,6.73,5.94,4.04,5.32
1991,KS,7.83,6.62,4.95,6.57
1991,KY,5.68,5.34,3.39,4.41
1991,LA,7.4,7.03,4.15,5.94
1991,MA,10.4,9.22,8.52,9.53
1991,MD,7.9,7.03,5.5,6.81
1991,ME,10.45,9.06,6.7,8.6
1991,MI,8.06,8.19,5.89,7.21
1991,MN,6.92,6.07,4.26,5.46
1991,MO,7.39,6.39,4.9,6.46
1991,MS,6.88,7.18,4.49,6.02
1991,MT,5.76,5,2.92,4.14
1991,NC,7.95,6.48,4.82,6.47
1991,ND,6.21,6.39,4.87,5.76
1991,NE,6.09,5.61,4.15,5.48
1991,NH,10.38,9.6,7.44,9.13
1991,NJ,10.81,9.26,7.67,9.46
1991,NM,9.08,8.23,4.83,7.14
1991,NV,5.89,6.32,4.95,5.6
1991,NY,11.97,10.85,6.16,9.79
1991,OH,8.16,7.53,4.2,6.11
1991,OK,7.03,6.08,3.85,5.78
1991,OR,4.81,4.85,3.15,4.25
1991,PA,9.58,8.31,6.29,8
1991,RI,10.99,9.88,9.27,10.17
1991,SC,7.22,6.22,4.16,5.63
1991,SD,6.91,6.73,4.64,6.13
1991,TN,5.65,6.07,4.51,5.21
1991,TX,7.57,6.58,4.15,6.06
1991,US,8.04,7.53,4.83,6.75
1991,UT,7.12,6.09,3.85,5.46
1991,VA,7.34,6.05,4.23,6.09
1991,VT,9.53,8.92,7.02,8.63
1991,WA,4.36,4.19,2.29,3.37
1991,WI,6.73,5.82,4.03,5.45
1991,WV,5.91,5.41,3.67,4.84
1991,WY,6,5.2,3.49,4.25
1992,AK,10.82,9.45,7.74,9.95
1992,AL,6.69,6.85,4.29,5.57
1992,AR,8.28,7.11,5.02,6.71
1992,AZ,9.58,8.64,5.76,8.13
1992,CA,11.07,10.33,7.59,9.66
1992,CO,7.2,5.77,4.59,6.02
1992,CT,11.07,9.86,8.22,10.04
1992,DC,6.61,6.91,5.68,6.47
1992,DE,8.66,7.01,4.71,6.7
1992,FL,7.75,6.58,5.02,6.99
1992,GA,7.73,7.5,4.76,6.67
1992,HI,10.9,10.53,7.83,9.44
1992,IA,8.02,6.35,4.02,5.98
1992,ID,4.93,4.3,2.72,3.87
1992,IL,10.29,8.09,5.47,7.69
1992,IN,6.86,6,4,5.3
1992,KS,7.9,6.67,4.93,6.56
1992,KY,5.7,5.29,3.16,4.19
1992,LA,7.52,7.19,4.22,6.01
1992,MA,10.62,9.31,8.6,9.66
1992,MD,7.97,7.09,5.4,6.8
1992,ME,11.37,9.27,6.9,9.05
1992,MI,8.11,8.28,5.9,7.23
1992,MN,7.01,6.13,4.33,5.52
1992,MO,7.44,6.39,4.78,6.41
1992,MS,7.01,7.27,4.41,6.03
1992,MT,5.84,5.17,2.89,4.19
1992,NC,8.11,6.63,4.93,6.6
1992,ND,6.33,6.48,4.87,5.81
1992,NE,6.27,5.64,4.06,5.53
1992,NH,11.36,10.38,8.17,9.97
1992,NJ,10.87,9.33,7.71,9.51
1992,NM,9.06,8.27,4.8,7.12
1992,NV,6.19,6.33,4.92,5.69
1992,NY,12.43,11.17,6.5,10.19
1992,OH,8.24,7.57,4.14,6.06
1992,OK,7.17,6.1,3.86,5.8
1992,OR,4.93,4.88,3.22,4.31
1992,PA,9.67,8.47,6.21,8.04
1992,RI,11.17,10.05,9.22,10.3
1992,SC,7.19,6.17,4.03,5.53
1992,SD,7.1,6.78,4.66,6.22
1992,TN,5.7,6.5,4.6,5.21
1992,TX,7.74,6.73,4.2,6.16
1992,US,8.21,7.66,4.83,6.82
1992,UT,6.97,5.97,3.68,5.3
1992,VA,7.63,6.23,4.28,6.28
1992,VT,9.56,9.24,7.3,8.83
1992,WA,4.46,4.31,2.24,3.43
1992,WI,6.91,5.91,4,5.48
1992,WV,6.17,5.63,3.84,5.05
1992,WY,6.08,5.17,3.52,4.27
1993,AK,11.15,9.55,8.19,10.12
1993,AL,6.82,6.93,4.34,5.67
1993,AR,8.27,7.04,4.85,6.62
1993,AZ,9.65,8.7,5.8,8.21
1993,CA,11.3,10.46,7.33,9.69
1993,CO,7.24,5.82,4.52,6.05
1993,CT,11.39,10.04,8.29,10.26
1993,DC,7.18,7.15,5.91,6.78
1993,DE,9.01,7.25,4.88,6.98
1993,FL,7.99,6.69,5.26,7.2
1993,GA,7.79,7.44,4.74,6.71
1993,HI,12.28,11.68,8.95,10.66
1993,IA,8.02,6.36,3.92,5.97
1993,ID,4.99,4.42,2.81,4
1993,IL,10.28,8,5.45,7.75
1993,IN,6.67,5.83,3.88,5.17
1993,KS,7.86,6.7,4.94,6.6
1993,KY,5.7,5.29,3.3,4.32
1993,LA,7.76,7.38,4.44,6.26
1993,MA,11,9.67,8.66,9.98
1993,MD,8.21,7.17,5.45,6.96
1993,ME,11.43,9.45,6.96,9.1
1993,MI,8.16,8.02,5.34,7.14
1993,MN,7.09,6.19,4.4,5.6
1993,MO,7.26,6.26,4.71,6.33
1993,MS,7.12,7.45,4.59,6.18
1993,MT,5.77,5.1,3.1,4.36
1993,NC,8.18,6.59,4.9,6.63
1993,ND,6.31,6.48,4.85,5.83
1993,NE,6.25,5.68,4.04,5.54
1993,NH,12.31,11.01,9.04,10.85
1993,NJ,11.41,9.73,8.09,9.99
1993,NM,9.18,8.37,4.86,7.23
1993,NV,6.51,6.51,5.04,5.87
1993,NY,13.17,11.66,6.66,10.72
1993,OH,8.36,7.59,4.25,6.22
1993,OK,7.14,6.21,4.14,5.96
1993,OR,5.02,4.93,3.33,4.43
1993,PA,9.55,8.29,6.04,7.92
1993,RI,11.38,10.17,9.03,10.4
1993,SC,7.33,6.22,4.06,5.64
1993,SD,7.04,6.75,4.6,6.2
1993,TN,5.76,6.68,4.62,5.22
1993,TX,8,6.94,4.32,6.39
1993,US,8.32,7.74,4.85,6.93
1993,UT,6.85,5.96,3.78,5.33
1993,VA,7.57,6.14,4.19,6.23
1993,VT,9.84,9.31,7.5,9.04
1993,WA,4.6,4.5,2.4,3.65
1993,WI,7.03,5.95,3.98,5.52
1993,WV,6.3,5.78,3.96,5.22
1993,WY,5.96,5.04,3.5,4.25
1994,AK,11.32,9.66,8.37,10.25
1994,AL,6.69,6.76,4.12,5.48
1994,AR,8.07,6.88,4.6,6.35
1994,AZ,9.3,8.32,5.63,7.93
1994,CA,11.43,10.9,7.09,9.78
1994,CO,7.36,6,4.58,6.07
1994,CT,11.47,9.99,7.9,10.18
1994,DC,7.47,7.15,4.63,7.12
1994,DE,8.91,7,4.62,6.78
1994,FL,7.78,6.35,5.13,6.96
1994,GA,7.72,7.33,4.57,6.57
1994,HI,12.45,11.67,8.82,10.68
1994,IA,8.09,6.32,3.88,5.92
1994,ID,5.09,4.37,2.82,4
1994,IL,9.98,7.68,5.18,7.41
1994,IN,6.78,5.91,3.97,5.25
1994,KS,7.89,6.66,4.93,6.61
1994,KY,5.77,5.29,3.24,4.26
1994,LA,7.61,7.2,4.22,6.05
1994,MA,11.09,9.75,8.46,10
1994,MD,8.39,7.19,5.3,7.03
1994,ME,12.32,10.16,7.18,9.63
1994,MI,8.28,7.93,5.25,7.09
1994,MN,7.16,6.25,4.41,5.63
1994,MO,7.29,6.2,4.62,6.28
1994,MS,7.06,7.22,4.48,6.05
1994,MT,5.96,5.17,3.3,4.51
1994,NC,8.17,6.56,4.93,6.62
1994,ND,6.37,6.45,4.71,5.77
1994,NE,6.31,5.58,3.99,5.49
1994,NH,12.91,10.91,9.32,11.32
1994,NJ,11.54,9.84,7.94,10.06
1994,NM,9.14,8.3,4.7,7.11
1994,NV,7.16,6.97,5.45,6.37
1994,NY,13.55,11.67,6.77,10.92
1994,OH,8.56,7.72,4.14,6.19
1994,OK,7.03,6.09,4.07,5.84
1994,OR,5.33,4.97,3.47,4.6
1994,PA,9.55,8.28,5.93,7.87
1994,RI,11.26,9.95,8.86,10.24
1994,SC,7.49,6.37,4.03,5.67
1994,SD,7.06,6.6,4.51,6.19
1994,TN,5.88,6.63,4.52,5.23
1994,TX,8.08,7.04,4.27,6.42
1994,US,8.38,7.73,4.77,6.91
1994,UT,6.91,5.87,3.83,5.36
1994,VA,7.75,5.84,4.16,6.2
1994,VT,9.96,9.42,7.5,9.13
1994,WA,4.97,4.72,2.79,4.02
1994,WI,7.08,5.87,3.89,5.46
1994,WV,6.36,5.83,3.98,5.25
1994,WY,6.04,5.02,3.51,4.26
1995,AK,11.24,9.54,8.38,10.17
1995,AL,6.71,6.73,4.05,5.47
1995,AR,7.98,6.83,4.51,6.27
1995,AZ,9.09,8.06,5.26,7.62
1995,CA,11.61,10.49,7.37,9.91
1995,CO,7.42,6.07,4.52,6.12
1995,CT,11.95,10.33,7.94,10.5
1995,DC,7.62,7.15,4.36,7.12
1995,DE,9.09,7.08,4.72,6.91
1995,FL,7.82,6.39,5.16,7.01
1995,GA,7.85,7.32,4.52,6.62
1995,HI,13.32,12.16,9.27,11.29
1995,IA,8.24,6.44,3.94,6.03
1995,ID,5.33,4.48,2.81,4.09
1995,IL,10.37,7.88,5.27,7.69
1995,IN,6.74,5.92,3.94,5.24
1995,KS,7.92,6.68,4.82,6.56
1995,KY,5.62,5.25,2.93,4.07
1995,LA,7.23,6.77,3.97,5.75
1995,MA,11.26,9.93,8.41,10.12
1995,MD,8.43,6.91,4.23,7.06
1995,ME,12.51,10.28,6.65,9.49
1995,MI,8.34,7.86,5.13,7.05
1995,MN,7.17,6.19,4.3,5.58
1995,MO,7.25,6.18,4.53,6.25
1995,MS,6.99,7.01,4.44,5.98
1995,MT,6.09,5.31,3.44,4.65
1995,NC,8.12,6.47,4.85,6.58
1995,ND,6.23,6.2,4.5,5.71
1995,NE,6.37,5.56,3.84,5.4
1995,NH,13.5,11.38,9.56,11.72
1995,NJ,11.98,10.23,8.15,10.44
1995,NM,8.93,7.91,4.4,6.77
1995,NV,7.11,6.75,5.05,6.1
1995,NY,13.9,11.92,5.79,11.06
1995,OH,8.6,7.68,4.17,6.24
1995,OK,6.82,5.78,3.75,5.57
1995,OR,5.49,5.06,3.47,4.67
1995,PA,9.72,8.33,5.92,7.93
1995,RI,11.47,10.08,8.87,10.38
1995,SC,7.53,6.35,4,5.69
1995,SD,7.08,6.55,4.43,6.2
1995,TN,5.91,6.65,4.5,5.21
1995,TX,7.71,6.64,3.98,6.1
1995,US,8.4,7.69,4.66,6.89
1995,UT,6.94,5.92,3.72,5.3
1995,VA,7.84,6.07,4.16,6.26
1995,VT,10.52,9.8,7.56,9.46
1995,WA,4.97,4.82,2.96,4.1
1995,WI,6.97,5.78,3.78,5.36
1995,WV,6.5,5.86,4.03,5.34
1995,WY,6.09,5.11,3.5,4.32
1996,AK,11.36,9.58,8.47,10.24
1996,AL,6.63,6.49,3.9,5.35
1996,AR,7.77,6.74,4.47,6.15
1996,AZ,8.95,7.97,5.19,7.54
1996,CA,11.33,9.83,6.97,9.48
1996,CO,7.49,5.93,4.35,6.05
1996,CT,12.05,10.29,7.86,10.51
1996,DC,7.77,7.4,4.36,7.35
1996,DE,8.97,7,4.68,6.88
1996,FL,7.99,6.63,5.11,7.18
1996,GA,7.66,7.17,4.29,6.43
1996,HI,14.26,12.99,10.03,12.12
1996,IA,8.16,6.53,3.91,5.94
1996,ID,5.28,4.26,2.68,3.96
1996,IL,10.34,7.97,5.24,7.69
1996,IN,6.77,5.94,3.93,5.23
1996,KS,7.86,6.67,4.7,6.52
1996,KY,5.55,5.19,2.92,4.03
1996,LA,7.55,7.12,4.32,6.07
1996,MA,11.25,9.94,8.43,10.13
1996,MD,8.26,6.83,4.15,6.96
1996,ME,12.58,10.35,6.26,9.46
1996,MI,8.47,7.94,5.08,7.1
1996,MN,7.13,6.14,4.26,5.54
1996,MO,7.08,6.04,4.44,6.11
1996,MS,7.04,7.09,4.41,6.01
1996,MT,6.22,5.51,3.3,4.72
1996,NC,8.05,6.39,4.79,6.53
1996,ND,6.19,6.07,4.44,5.65
1996,NE,6.29,5.49,3.68,5.32
1996,NH,13.44,11.32,9.16,11.59
1996,NJ,11.99,10.32,8.15,10.5
1996,NM,8.93,7.93,4.35,6.76
1996,NV,6.9,6.61,4.9,5.95
1996,NY,14.04,12.08,5.62,11.13
1996,OH,8.6,7.71,4.21,6.3
1996,OK,6.71,5.8,3.78,5.56
1996,OR,5.69,5.15,3.41,4.77
1996,PA,9.73,8.34,5.93,7.96
1996,RI,11.81,10.14,8.51,10.48
1996,SC,7.5,6.38,3.89,5.67
1996,SD,7,6.57,4.45,6.18
1996,TN,5.88,6.64,4.52,5.24
1996,TX,7.77,6.71,4.03,6.16
1996,US,8.36,7.64,4.6,6.86
1996,UT,6.96,5.9,3.7,5.28
1996,VA,7.6,5.91,3.99,6.09
1996,VT,10.99,10.14,7.58,9.74
1996,WA,5.03,4.88,2.85,4.19
1996,WI,6.88,5.68,3.66,5.25
1996,WV,6.38,5.71,3.91,5.21
1996,WY,6.13,5.08,3.45,4.31
1997,AK,11.44,9.51,7.48,10.07
1997,AL,6.74,6.34,3.71,5.33
1997,AR,7.8,6.78,4.45,6.15
1997,AZ,8.82,7.83,5.05,7.38
1997,CA,11.5,9.98,6.95,9.54
1997,CO,7.42,5.77,4.28,5.95
1997,CT,12.13,10.28,7.76,10.52
1997,DC,7.87,7.43,4.42,7.39
1997,DE,9.22,7.19,4.82,7
1997,FL,8.08,6.62,5.04,7.19
1997,GA,7.74,7.11,4.13,6.37
1997,HI,14.8,13.26,10.32,12.49
1997,IA,8.21,6.61,3.95,5.97
1997,ID,5.15,4.17,2.6,3.87
1997,IL,10.43,7.93,5.29,7.71
1997,IN,6.94,6.04,3.91,5.29
1997,KS,7.71,6.47,4.51,6.31
1997,KY,5.58,5.29,2.8,4.03
1997,LA,7.39,6.99,4.39,5.99
1997,MA,11.59,10.29,8.78,10.48
1997,MD,8.33,6.86,4.21,6.98
1997,ME,12.75,10.39,6.36,9.51
1997,MI,8.57,7.84,4.97,7.04
1997,MN,7.23,6.23,4.33,5.61
1997,MO,7.09,6,4.46,6.09
1997,MS,7.02,6.69,4.12,5.91
1997,MT,6.4,5.8,3.66,5.2
1997,NC,8.03,6.43,4.71,6.48
1997,ND,6.27,6.15,4.38,5.65
1997,NE,6.38,5.46,3.61,5.3
1997,NH,13.67,11.35,9.06,11.66
1997,NJ,12.08,10.35,8.11,10.54
1997,NM,8.92,7.92,4.42,6.8
1997,NV,6.77,6.31,4.48,5.6
1997,NY,14.12,12.13,5.2,11.13
1997,OH,8.63,7.67,4.16,6.25
1997,OK,6.63,5.73,3.63,5.42
1997,OR,5.56,4.97,3.23,4.61
1997,PA,9.9,8.41,5.89,7.99
1997,RI,12.12,10.4,8.52,10.7
1997,SC,7.51,6.33,3.71,5.5
1997,SD,7.08,6.63,4.42,6.22
1997,TN,6.03,5.91,3.81,5.31
1997,TX,7.82,6.74,4.05,6.17
1997,US,8.43,7.59,4.53,6.85
1997,UT,6.89,5.72,3.49,5.17
1997,VA,7.75,5.97,4,6.14
1997,VT,11.45,10.33,7.44,9.89
1997,WA,4.95,4.79,2.59,4.04
1997,WI,6.88,5.6,3.72,5.22
1997,WV,6.26,5.54,3.71,5.02
1997,WY,6.22,5.27,3.46,4.33
1998,AK,11.5,9.48,7.17,9.97
1998,AL,6.94,6.54,3.89,5.56
1998,AR,7.51,5.9,4.16,5.78
1998,AZ,8.68,7.76,5.12,7.33
1998,CA,10.6,9.66,6.59,9.03
1998,CO,7.45,5.67,4.34,5.95
1998,CT,11.95,10.01,7.7,10.3
1998,DC,8,7.43,4.38,7.41
1998,DE,9.13,7.07,4.65,6.88
1998,FL,7.89,6.38,4.81,7.01
1998,GA,7.67,7.01,4.23,6.4
1998,HI,13.82,12.31,9.41,11.56
1998,IA,8.38,6.67,3.99,6.04
1998,ID,5.28,4.34,2.77,4.02
1998,IL,9.85,7.77,5.11,7.46
1998,IN,7.01,6.08,3.95,5.34
1998,KS,7.65,6.34,4.46,6.28
1998,KY,5.61,5.3,2.91,4.16
1998,LA,7.07,6.56,4.15,5.78
1998,MA,10.6,9.35,8.18,9.59
1998,MD,8.44,6.82,4.14,6.99
1998,ME,13.02,10.33,6.61,9.75
1998,MI,8.67,7.81,5.03,7.09
1998,MN,7.33,6.28,4.45,5.71
1998,MO,7.08,5.99,4.43,6.08
1998,MS,7.03,6.62,4.22,5.98
1998,MT,6.5,5.87,3.19,4.8
1998,NC,8.01,6.35,4.63,6.45
1998,ND,6.49,6.2,4.3,5.7
1998,NE,6.46,5.45,3.6,5.3
1998,NH,13.92,11.64,9.42,11.93
1998,NJ,11.39,10.09,7.94,10.17
1998,NM,8.85,7.8,4.47,6.78
1998,NV,7,6.5,4.57,5.76
1998,NY,13.66,11.63,4.95,10.71
1998,OH,8.7,7.67,4.3,6.38
1998,OK,6.57,5.66,3.65,5.43
1998,OR,5.82,5,3.5,4.9
1998,PA,9.93,8.26,5.63,7.86
1998,RI,10.91,9.26,7.61,9.58
1998,SC,7.5,6.24,3.69,5.53
1998,SD,7.27,6.62,4.44,6.26
1998,TN,6.32,6.28,4.17,5.62
1998,TX,7.65,6.57,3.94,6.07
1998,US,8.26,7.41,4.48,6.74
1998,UT,6.84,5.71,3.45,5.16
1998,VA,7.51,5.61,3.82,5.88
1998,VT,11.61,10.12,7.27,9.83
1998,WA,5.03,4.81,2.64,4.03
1998,WI,7.17,5.87,3.86,5.44
1998,WV,6.29,5.56,3.78,5.07
1998,WY,6.28,5.25,3.38,4.31
1999,AK,11.16,9.2,7.32,9.78
1999,AL,7.03,6.54,3.82,5.54
1999,AR,7.43,5.82,4.12,5.68
1999,AZ,8.53,7.51,5.04,7.23
1999,CA,10.64,9.44,6.27,8.75
1999,CO,7.38,5.61,4.38,5.95
1999,CT,11.46,9.69,7.42,9.96
1999,DC,8,7.47,4.59,7.45
1999,DE,9.17,7.39,4.71,7.1
1999,FL,7.73,6.22,4.77,6.85
1999,GA,7.56,6.67,4.15,6.24
1999,HI,14.3,12.74,9.7,11.97
1999,IA,8.35,6.45,3.89,5.93
1999,ID,5.26,4.2,2.63,3.89
1999,IL,8.83,7.38,4.99,6.96
1999,IN,6.96,6.05,3.89,5.29
1999,KS,7.64,6.25,4.47,6.22
1999,KY,5.58,5.27,2.99,4.17
1999,LA,7.12,6.59,4.25,5.81
1999,MA,10.09,8.64,7.53,8.99
1999,MD,8.39,6.82,4.26,7.04
1999,ME,13.07,10.51,6.42,9.77
1999,MI,8.73,7.85,5.03,7.12
1999,MN,7.41,6.31,4.56,5.83
1999,MO,7.12,5.96,4.38,6.06
1999,MS,6.75,6.19,4.02,5.65
1999,MT,6.78,6.35,2.74,4.77
1999,NC,7.99,6.33,4.57,6.44
1999,ND,6.5,6.19,4.04,5.49
1999,NE,6.52,5.44,3.57,5.31
1999,NH,13.64,11.18,9.19,11.6
1999,NJ,11.4,9.73,7.67,9.98
1999,NM,8.62,7.52,4.24,6.57
1999,NV,7.13,6.66,4.77,5.93
1999,NY,13.23,10.11,4.74,9.95
1999,OH,8.68,7.67,4.33,6.4
1999,OK,6.6,5.58,3.6,5.37
1999,OR,5.75,4.94,3.48,4.83
1999,PA,8.86,6.53,4.71,6.71
1999,RI,10.12,7.73,7.31,8.62
1999,SC,7.55,6.3,3.72,5.57
1999,SD,7.42,6.7,4.55,6.35
1999,TN,6.34,6.29,4.19,5.63
1999,TX,7.55,6.52,3.97,6.04
1999,US,8.16,7.26,4.43,6.64
1999,UT,6.27,5.29,3.36,4.86
1999,VA,7.48,5.55,3.84,5.86
1999,VT,12.17,10.67,7.35,10.28
1999,WA,5.1,4.86,2.65,4.01
1999,WI,7.31,5.88,3.89,5.53
1999,WV,6.27,5.53,3.8,5.09
1999,WY,6.34,5.28,3.34,4.3
2000,AK,11.45,9.77,7.56,10.08
2000,AL,7.05,6.58,3.87,5.61
2000,AR,7.45,5.93,4.2,5.77
2000,AZ,8.44,7.34,5.27,7.25
2000,CA,10.89,10.25,7.14,9.47
2000,CO,7.31,5.55,4.25,5.88
2000,CT,10.86,9.27,7.32,9.52
2000,DC,8.03,7.55,4.74,7.52
2000,DE,8.54,5.89,3.73,6.08
2000,FL,7.77,6.25,4.84,6.91
2000,GA,7.6,6.5,4.1,6.21
2000,HI,16.41,14.81,11.69,14.03
2000,IA,8.37,6.57,3.89,5.93
2000,ID,5.39,4.24,3.11,4.17
2000,IL,8.83,7.31,4.99,6.94
2000,IN,6.87,5.93,3.81,5.18
2000,KS,7.65,6.25,4.55,6.27
2000,KY,5.47,5.14,3.01,4.18
2000,LA,7.67,7.18,5,6.48
2000,MA,10.53,9.13,8.2,9.49
2000,MD,7.95,6.55,4.14,6.74
2000,ME,12.49,10.23,6.89,9.69
2000,MI,8.52,7.9,5.09,7.11
2000,MN,7.52,6.36,4.57,5.87
2000,MO,7.04,5.83,4.43,6.02
2000,MS,6.93,6.41,4.14,5.85
2000,MT,6.49,5.6,3.97,5
2000,NC,7.97,6.36,4.58,6.48
2000,ND,6.44,6.08,3.98,5.44
2000,NE,6.53,5.42,3.61,5.31
2000,NH,13.15,10.81,9.17,11.25
2000,NJ,10.27,9.14,8.58,9.47
2000,NM,8.36,7.06,4.69,6.58
2000,NV,7.28,6.74,4.98,6.17
2000,NY,13.97,12.65,5.37,11.38
2000,OH,8.61,7.61,4.37,6.41
2000,OK,7.03,6.14,4.09,5.88
2000,OR,5.88,5.06,3.56,4.89
2000,PA,9.53,7.71,5.63,7.65
2000,RI,11.28,9.5,8.76,10.18
2000,SC,7.58,6.35,3.74,5.62
2000,SD,7.42,6.64,4.49,6.32
2000,TN,6.33,6.28,4.09,5.58
2000,TX,7.96,6.88,4.42,6.49
2000,US,8.24,7.43,4.64,6.81
2000,UT,6.29,5.23,3.35,4.84
2000,VA,7.52,5.65,3.9,5.94
2000,VT,12.3,10.61,7.31,10.27
2000,WA,5.13,4.86,3.3,4.33
2000,WI,7.53,6.03,4.04,5.71
2000,WV,6.27,5.46,3.76,5.07
2000,WY,6.5,5.29,3.36,4.34
2001,AK,12.12,10.29,7.61,10.54
2001,AL,7.01,6.53,3.79,5.6
2001,AR,7.72,6.19,4.43,6.05
2001,AZ,8.3,7.37,5.24,7.27
2001,CA,12.09,12.15,9.23,11.22
2001,CO,7.47,5.67,4.48,6.02
2001,CT,10.9,9.26,7.62,9.62
2001,DC,7.79,7.45,4.81,7.4
2001,DE,8.61,7,4.81,6.8
2001,FL,8.59,7.08,5.18,7.67
2001,GA,7.72,6.61,4.28,6.39
2001,HI,16.34,14.81,11.68,14.05
2001,IA,8.41,6.69,4.18,6.14
2001,ID,6.01,5.13,3.71,4.92
2001,IL,8.71,7.4,4.65,6.9
2001,IN,6.92,5.29,4.11,5.3
2001,KS,7.66,6.2,4.55,6.24
2001,KY,5.58,5.2,3.04,4.24
2001,LA,7.92,7.58,5.58,6.96
2001,MA,12.47,11.64,9.37,11.55
2001,MD,7.67,6.36,4.37,6.6
2001,ME,13.13,11.64,7.15,10.55
2001,MI,8.26,7.54,5.08,6.97
2001,MN,7.61,6.03,4.34,5.97
2001,MO,7,5.89,4.39,6.03
2001,MS,7.37,6.94,4.4,6.26
2001,MT,6.88,5.91,6.59,6.48
2001,NC,8.12,6.42,4.61,6.58
2001,ND,6.47,5.99,3.98,5.48
2001,NE,6.5,5.48,3.76,5.39
2001,NH,12.49,10.53,9.11,10.95
2001,NJ,10.21,9.09,8.33,9.36
2001,NM,8.74,7.5,5.45,7.16
2001,NV,9.08,8.45,6.56,7.86
2001,NY,14.04,12.87,5.56,11.55
2001,OH,8.37,8.46,4.27,6.62
2001,OK,7.27,6.35,4.29,6.1
2001,OR,6.29,5.45,4.21,5.44
2001,PA,9.68,8.62,5.76,8.01
2001,RI,12.13,11.54,9.36,11.45
2001,SC,7.69,6.45,3.86,5.77
2001,SD,7.42,6.55,4.46,6.35
2001,TN,6.32,6.31,4.05,5.59
2001,TX,8.86,7.74,5.27,7.38
2001,US,8.58,7.92,5.05,7.29
2001,UT,6.72,5.58,3.53,5.21
2001,VA,7.79,5.85,4.16,6.18
2001,VT,12.67,11.28,7.89,10.86
2001,WA,5.7,5.45,4.75,5.34
2001,WI,7.9,6.34,4.36,6.08
2001,WV,6.26,5.44,3.74,5.07
2001,WY,6.77,5.41,3.43,4.46
2002,AK,12.05,10.13,7.65,10.46
2002,AL,7.12,6.63,3.82,5.71
2002,AR,7.25,5.68,4.01,5.61
2002,AZ,8.27,7.28,5.2,7.21
2002,CA,12.64,13.36,9.81,12.19
2002,CO,7.37,5.67,4.52,6
2002,CT,10.96,9.32,7.68,9.71
2002,DC,7.98,7.32,4.95,7.34
2002,DE,8.7,7.15,4.85,6.91
2002,FL,8.16,6.64,5.23,7.31
2002,GA,7.63,6.46,3.95,6.24
2002,HI,15.63,14.11,11.02,13.39
2002,IA,8.35,6.56,4.06,6.01
2002,ID,6.59,5.71,4.34,5.58
2002,IL,8.39,7.52,4.89,6.94
2002,IN,6.91,5.98,3.95,5.34
2002,KS,7.67,6.28,4.53,6.31
2002,KY,5.65,5.3,3.09,4.26
2002,LA,7.1,6.64,4.42,5.99
2002,MA,10.93,10.02,8.34,10.06
2002,MD,7.74,6.31,4.01,6.18
2002,ME,12.74,10.68,7.05,10.35
2002,MI,8.28,7.79,5.02,7.09
2002,MN,7.49,5.88,4.07,5.8
2002,MO,7.06,5.88,4.42,6.09
2002,MS,7.28,6.83,4.4,6.24
2002,MT,7.23,6.28,3.71,5.7
2002,NC,8.19,6.51,4.7,6.74
2002,ND,6.39,5.85,3.98,5.45
2002,NE,6.73,5.62,3.89,5.55
2002,NH,11.89,10.06,9.09,10.6
2002,NJ,10.38,8.9,7.72,9.3
2002,NM,8.5,7.22,4.48,6.73
2002,NV,9.43,9.06,7.25,8.42
2002,NY,13.55,12.33,5.18,11.16
2002,OH,8.24,7.81,4.87,6.77
2002,OK,6.73,5.75,3.81,5.59
2002,OR,7.12,6.59,4.72,6.32
2002,PA,9.74,8.5,5.83,8.06
2002,RI,10.2,8.65,7.96,9.2
2002,SC,7.72,6.48,3.85,5.83
2002,SD,7.4,6.24,4.54,6.26
2002,TN,6.41,6.45,4.15,5.72
2002,TX,8.05,6.95,4.66,6.62
2002,US,8.44,7.89,4.88,7.2
2002,UT,6.79,5.6,3.84,5.39
2002,VA,7.79,5.87,4.13,6.23
2002,VT,12.78,11.1,7.9,10.87
2002,WA,6.29,6.11,4.88,5.88
2002,WI,8.18,6.54,4.43,6.28
2002,WV,6.23,5.41,3.81,5.11
2002,WY,6.97,5.71,3.55,4.68
2003,AK,11.98,10.49,7.86,10.5
2003,AL,7.39,6.85,3.98,5.88
2003,AR,7.24,5.54,4.04,5.57
2003,AZ,8.35,7.09,5.37,7.34
2003,CA,12.23,12.48,9.59,11.78
2003,CO,8.14,6.6,5.1,6.77
2003,CT,11.31,9.93,7.99,10.16
2003,DC,7.84,7.35,5.57,7.4
2003,DE,8.59,7.31,5.15,6.96
2003,FL,8.55,7.13,5.41,7.72
2003,GA,7.7,6.66,4.02,6.32
2003,HI,16.73,15.02,12.2,14.47
2003,IA,8.57,6.24,4.16,6.11
2003,ID,6.24,5.56,4.16,5.22
2003,IL,8.38,7.3,4.86,6.86
2003,IN,7.04,6.12,3.92,5.37
2003,KS,7.71,6.42,4.61,6.35
2003,KY,5.81,5.37,3.21,4.42
2003,LA,7.84,7.42,5.57,6.93
2003,MA,11.6,10.48,8.93,10.56
2003,MD,7.73,6.95,4.89,6.45
2003,ME,12.37,10.34,6.35,9.79
2003,MI,8.35,7.55,4.96,6.85
2003,MN,7.65,6.12,4.36,6.01
2003,MO,6.96,5.78,4.49,6.02
2003,MS,7.6,7.25,4.48,6.46
2003,MT,7.56,6.85,4.03,6.14
2003,NC,8.32,6.65,4.79,6.86
2003,ND,6.49,5.64,3.96,5.47
2003,NE,6.87,5.81,4.18,5.64
2003,NH,11.98,10.3,9.75,10.83
2003,NJ,10.67,9.11,7.99,9.48
2003,NM,8.69,7.36,4.95,7
2003,NV,9.02,8.79,7.3,8.29
2003,NY,14.31,12.93,7.14,12.44
2003,OH,8.26,7.55,4.79,6.73
2003,OK,7.47,6.38,4.59,6.35
2003,OR,7.06,6.38,4.63,6.18
2003,PA,9.59,8.62,5.8,8.02
2003,RI,11.61,10.09,8.88,10.47
2003,SC,8.01,6.81,4,6.08
2003,SD,7.47,6.04,4.51,6.35
2003,TN,6.55,6.68,4.29,5.84
2003,TX,9.16,7.84,5.27,7.5
2003,US,8.72,8.03,5.11,7.44
2003,UT,6.9,5.59,3.79,5.41
2003,VA,7.76,5.74,4.23,6.27
2003,VT,12.82,11.29,8.05,10.98
2003,WA,6.31,6.07,4.76,5.86
2003,WI,8.67,6.97,4.71,6.64
2003,WV,6.24,5.45,3.81,5.13
2003,WY,7.04,5.74,3.65,4.76
2004,AK,12.44,10.99,8.33,10.99
2004,AL,7.62,7.12,4.15,6.08
2004,AR,7.36,5.64,4.16,5.67
2004,AZ,8.46,7.28,5.35,7.45
2004,CA,12.2,11.64,9.27,11.35
2004,CO,8.42,6.89,5.11,6.95
2004,CT,11.63,9.9,7.89,10.26
2004,DC,8,7.45,4.74,7.47
2004,DE,8.78,7.44,6.06,7.53
2004,FL,8.99,7.61,5.84,8.16
2004,GA,7.86,6.88,4.43,6.58
2004,HI,18.06,16.19,13.35,15.7
2004,IA,8.96,6.75,4.33,6.4
2004,ID,6.1,5.37,3.82,4.97
2004,IL,8.37,7.54,4.65,6.8
2004,IN,7.3,6.31,4.13,5.58
2004,KS,7.74,6.45,4.69,6.37
2004,KY,6.11,5.6,3.34,4.63
2004,LA,8.05,7.58,5.82,7.13
2004,MA,11.75,10.99,8.48,10.77
2004,MD,7.8,7.56,5.99,7.15
2004,ME,12.16,9.89,6.56,9.69
2004,MI,8.33,7.57,4.92,6.94
2004,MN,7.92,6.31,4.63,6.24
2004,MO,6.97,5.8,4.62,6.07
2004,MS,8.21,7.99,4.83,7
2004,MT,7.86,7.42,4.15,6.4
2004,NC,8.45,6.7,4.88,6.97
2004,ND,6.79,5.86,4.13,5.69
2004,NE,6.96,5.84,4.28,5.7
2004,NH,12.49,10.99,10.01,11.37
2004,NJ,11.23,9.96,9.03,10.29
2004,NM,8.67,7.39,5.22,7.1
2004,NV,9.69,9.08,7.24,8.56
2004,NY,14.54,12.98,7.04,12.55
2004,OH,8.45,7.75,4.89,6.89
2004,OK,7.72,6.55,4.76,6.5
2004,OR,7.18,6.45,4.43,6.21
2004,PA,9.58,8.51,5.87,8
2004,RI,12.19,10.53,9.37,10.96
2004,SC,8.12,6.91,4.13,6.22
2004,SD,7.65,6.18,4.59,6.44
2004,TN,6.9,7.05,4.46,6.14
2004,TX,9.73,7.9,5.87,7.95
2004,US,8.95,8.17,5.25,7.61
2004,UT,7.21,5.9,4.01,5.69
2004,VA,7.99,5.88,4.27,6.43
2004,VT,12.94,11.42,7.96,11.02
2004,WA,6.37,6.17,4.28,5.8
2004,WI,9.07,7.24,4.93,6.88
2004,WV,6.23,5.46,3.83,5.13
2004,WY,7.21,5.98,3.91,4.98
2005,AK,13.3,11.56,9.29,11.72
2005,AL,8,7.5,4.52,6.46
2005,AR,8,6.18,4.74,6.3
2005,AZ,8.86,7.4,5.85,7.79
2005,CA,12.51,11.92,9.55,11.63
2005,CO,9.06,7.62,5.74,7.64
2005,CT,13.64,11.53,9.4,12.06
2005,DC,9.1,9.13,14.13,9.18
2005,DE,9.01,7.6,6.21,7.76
2005,FL,9.62,8.16,6.46,8.76
2005,GA,8.64,7.67,5.28,7.43
2005,HI,20.7,19.04,15.79,18.33
2005,IA,9.27,6.95,4.56,6.69
2005,ID,6.29,5.42,3.91,5.12
2005,IL,8.34,7.75,4.61,6.95
2005,IN,7.5,6.57,4.42,5.88
2005,KS,7.9,6.6,4.85,6.55
2005,KY,6.57,6.01,3.6,5.01
2005,LA,8.87,8.56,6.71,8.03
2005,MA,13.44,12.42,9.22,12.18
2005,MD,8.46,8.97,7.01,8.13
2005,ME,13.23,10.63,7.28,10.57
2005,MI,8.4,7.84,5.32,7.23
2005,MN,8.28,6.59,5.02,6.61
2005,MO,7.08,5.92,4.54,6.13
2005,MS,8.71,8.48,5.37,7.54
2005,MT,8.1,7.43,4.83,6.72
2005,NC,8.65,6.86,5.04,7.19
2005,ND,6.99,6.11,4.32,5.92
2005,NE,7.14,5.98,4.43,5.87
2005,NH,13.51,12.06,11.48,12.53
2005,NJ,11.74,10.61,9.76,10.89
2005,NM,9.13,7.81,5.61,7.51
2005,NV,10.2,9.48,7.71,9.02
2005,NY,15.72,14.36,8.23,13.95
2005,OH,8.51,7.93,5.1,7.08
2005,OK,7.95,7,5.11,6.85
2005,OR,7.25,6.51,4.83,6.34
2005,PA,9.86,8.5,6.29,8.27
2005,RI,13.04,11.71,10.01,11.97
2005,SC,8.67,7.39,4.55,6.72
2005,SD,7.77,6.2,4.95,6.6
2005,TN,6.98,7.17,4.73,6.31
2005,TX,10.93,8.85,7.14,9.14
2005,US,9.45,8.67,5.73,8.14
2005,UT,7.52,6.07,4.24,5.92
2005,VA,8.16,6.05,4.46,6.64
2005,VT,12.96,11.33,7.77,10.95
2005,WA,6.54,6.33,4.27,5.87
2005,WI,9.66,7.67,5.39,7.48
2005,WV,6.21,5.53,3.85,5.15
2005,WY,7.48,6.17,3.99,5.16
2006,AK,14.83,11.93,11.54,12.84
2006,AL,8.75,8.18,4.9,7.07
2006,AR,8.85,6.96,5.24,6.99
2006,AZ,9.4,8.02,5.69,8.24
2006,CA,14.33,12.9,10.09,12.82
2006,CO,9.02,7.5,5.88,7.61
2006,CT,16.86,14.03,11.71,14.83
2006,DC,9.88,11.17,17.43,11.08
2006,DE,11.85,10.21,7.67,10.13
2006,FL,11.33,9.91,7.71,10.45
2006,GA,8.91,7.81,5.38,7.63
2006,HI,23.35,21.42,17.96,20.72
2006,IA,9.63,7.29,4.92,7.01
2006,ID,6.21,5.16,3.61,4.92
2006,IL,8.42,7.95,4.69,7.07
2006,IN,8.22,7.21,4.95,6.46
2006,KS,8.25,6.96,5.2,6.89
2006,KY,7.02,6.44,4.05,5.43
2006,LA,9.14,9.03,6.87,8.3
2006,MA,16.6,15.54,13.04,15.45
2006,MD,9.71,10.56,8.14,9.95
2006,ME,13.8,12.42,8.83,11.8
2006,MI,9.77,8.51,6.05,8.14
2006,MN,8.7,7.02,5.29,6.98
2006,MO,7.44,6.08,4.58,6.3
2006,MS,9.66,9.37,5.94,8.33
2006,MT,8.28,7.44,5.12,6.91
2006,NC,9.12,7.17,5.23,7.53
2006,ND,7.14,6.3,5,6.21
2006,NE,7.41,6.19,4.56,6.07
2006,NH,14.68,14.07,11.62,13.84
2006,NJ,12.84,11.62,10.42,11.88
2006,NM,9.06,7.61,5.57,7.37
2006,NV,11.08,10.12,8.03,9.63
2006,NY,16.89,15.51,9.39,15.27
2006,OH,9.34,8.44,5.61,7.71
2006,OK,8.55,7.34,5.46,7.3
2006,OR,7.48,6.77,4.85,6.53
2006,PA,10.35,8.94,6.63,8.68
2006,RI,15.12,13.51,12.51,13.98
2006,SC,9.03,7.6,4.71,6.98
2006,SD,7.83,6.47,4.84,6.7
2006,TN,7.75,8,5.17,6.97
2006,TX,12.86,9.85,7.82,10.34
2006,US,10.4,9.46,6.16,8.9
2006,UT,7.59,6.15,4.21,5.99
2006,VA,8.49,6.21,4.69,6.86
2006,VT,13.39,11.67,8.33,11.37
2006,WA,6.82,6.63,4.44,6.14
2006,WI,10.51,8.37,5.85,8.13
2006,WV,6.35,5.59,3.71,5.04
2006,WY,7.75,6.28,4.04,5.27
2007,AK,15.18,12.19,12.63,13.28
2007,AL,9.32,8.7,5.27,7.57
2007,AR,8.73,6.91,5.25,6.96
2007,AZ,9.66,8.27,6.05,8.54
2007,CA,14.42,12.82,9.98,12.8
2007,CO,9.25,7.62,5.97,7.76
2007,CT,19.11,15.39,12.92,16.45
2007,DC,11.18,12.01,9.32,11.79
2007,DE,13.16,11.21,8.93,11.35
2007,FL,11.22,9.75,7.76,10.33
2007,GA,9.1,8.07,5.53,7.86
2007,HI,24.12,21.91,18.38,21.29
2007,IA,9.45,7.11,4.74,6.83
2007,ID,6.36,5.14,3.87,5.07
2007,IL,10.12,8.57,6.61,8.46
2007,IN,8.26,7.29,4.89,6.5
2007,KS,8.19,6.83,5.13,6.84
2007,KY,7.34,6.76,4.47,5.84
2007,LA,9.37,9.13,6.77,8.39
2007,MA,16.23,15.2,13.03,15.16
2007,MD,11.89,11.58,9.41,11.5
2007,ME,16.52,12.94,14.11,14.59
2007,MI,10.21,8.77,6.47,8.53
2007,MN,9.18,7.48,5.69,7.44
2007,MO,7.69,6.34,4.76,6.56
2007,MS,9.36,8.92,5.75,8.03
2007,MT,8.77,8.1,5.16,7.13
2007,NC,9.4,7.43,5.47,7.83
2007,ND,7.3,6.58,5.24,6.42
2007,NE,7.59,6.39,4.78,6.28
2007,NH,14.88,13.91,12.27,13.98
2007,NJ,14.14,12.99,10.08,13.01
2007,NM,9.12,7.66,5.6,7.44
2007,NV,11.82,10.09,8.28,9.99
2007,NY,17.1,15.92,8.71,15.22
2007,OH,9.57,8.67,5.76,7.91
2007,OK,8.58,7.33,5.41,7.29
2007,OR,8.19,7.2,5.06,7.02
2007,PA,10.95,9.2,6.87,9.08
2007,RI,14.05,12.67,12.04,13.12
2007,SC,9.19,7.74,4.83,7.18
2007,SD,8.07,6.61,5.09,6.89
2007,TN,7.84,8.09,5.19,7.07
2007,TX,12.34,9.87,7.79,10.11
2007,US,10.65,9.65,6.39,9.13
2007,UT,8.15,6.54,4.52,6.41
2007,VA,8.74,6.38,5.07,7.12
2007,VT,14.15,12.29,8.92,12.04
2007,WA,7.26,6.55,4.57,6.37
2007,WI,10.87,8.71,6.16,8.48
2007,WV,6.73,5.85,3.95,5.34
2007,WY,7.75,6.25,4.1,5.29
2008,AK,16.56,13.64,14.17,14.74
2008,AL,10.4,9.87,6.11,8.59
2008,AR,9.27,7.61,5.89,7.6
2008,AZ,10.27,8.93,6.57,9.11
2008,CA,13.81,12.54,10.09,12.49
2008,CO,10.13,8.57,6.65,8.59
2008,CT,19.54,17.12,14.93,17.8
2008,DC,12.78,13.3,10.65,13.18
2008,DE,13.93,12.1,10.49,12.38
2008,FL,11.65,10.14,8.25,10.74
2008,GA,9.93,9.07,6.67,8.84
2008,HI,32.5,29.72,26.05,29.2
2008,IA,9.49,7.18,4.81,6.89
2008,ID,6.99,5.72,4.48,5.69
2008,IL,11.07,9.25,7.34,9.23
2008,IN,8.87,7.82,5.46,7.09
2008,KS,8.89,7.44,5.69,7.45
2008,KY,7.94,7.29,4.82,6.26
2008,LA,10.28,10.12,7.94,9.44
2008,MA,17.56,16.07,14.14,16.23
2008,MD,13.84,12.77,10.38,13.01
2008,ME,16.24,12.95,11.56,13.8
2008,MI,10.75,9.17,6.73,8.93
2008,MN,9.74,7.88,5.87,7.79
2008,MO,8,6.61,4.92,6.84
2008,MS,10.39,10.02,6.56,8.99
2008,MT,9.13,8.54,5.91,7.72
2008,NC,9.52,7.55,5.54,7.96
2008,ND,7.52,6.81,5.59,6.69
2008,NE,7.87,6.68,5.16,6.58
2008,NH,15.68,14.3,13.13,14.63
2008,NJ,15.66,14.03,12.54,14.43
2008,NM,10.01,8.67,6.38,8.35
2008,NV,11.93,10.07,7.98,9.89
2008,NY,18.31,16.79,9.39,16.47
2008,OH,10.06,9.23,6.2,8.39
2008,OK,9.09,7.88,5.9,7.81
2008,OR,8.49,7.29,5.26,7.24
2008,PA,11.35,9.39,7.03,9.33
2008,RI,17.45,15.4,14.23,16.04
2008,SC,9.89,8.42,5.37,7.85
2008,SD,8.27,6.97,5.31,7.14
2008,TN,8.91,9.24,6.29,8.18
2008,TX,13.03,10.75,8.79,10.99
2008,US,11.26,10.26,6.96,9.74
2008,UT,8.26,6.66,4.59,6.49
2008,VA,9.62,7.32,5.82,8
2008,VT,14.48,12.49,9.19,12.33
2008,WA,7.54,6.77,4.52,6.55
2008,WI,11.51,9.28,6.51,9
2008,WV,7.06,6.08,4.2,5.61
2008,WY,8.21,6.71,4.47,5.67
2009,AK,17.14,14.46,13.15,15.09
2009,AL,10.66,10.05,5.96,8.83
2009,AR,9.14,7.56,5.76,7.57
2009,AZ,10.73,9.35,6.65,9.56
2009,CA,14.74,13.27,10.42,13.24
2009,CO,10,8.15,6.39,8.31
2009,CT,20.33,16.87,14.99,18.07
2009,DC,13.73,13.26,8.38,13.23
2009,DE,14.07,12.03,9.51,12.2
2009,FL,12.39,10.77,9.32,11.49
2009,GA,10.13,8.94,6.12,8.81
2009,HI,24.2,21.86,18.14,21.21
2009,IA,9.99,7.55,5.27,7.37
2009,ID,7.8,6.49,5.17,6.51
2009,IL,11.27,9.05,7.01,9.15
2009,IN,9.5,8.32,5.81,7.62
2009,KS,9.53,7.87,6.1,7.98
2009,KY,8.37,7.63,4.92,6.52
2009,LA,8.1,7.69,5.25,7.06
2009,MA,16.87,15.37,14.07,15.45
2009,MD,14.98,11.98,9.96,13.09
2009,ME,15.64,12.6,10.03,13.12
2009,MI,11.6,9.24,6.98,9.4
2009,MN,10.04,7.92,6.26,8.14
2009,MO,8.54,6.96,5.42,7.35
2009,MS,10.22,9.5,6.61,8.85
2009,MT,8.94,8.32,5.46,7.58
2009,NC,9.99,7.98,5.99,8.48
2009,ND,7.58,6.81,5.25,6.63
2009,NE,8.52,7.33,5.75,7.21
2009,NH,16.39,14.36,13.73,15.09
2009,NJ,16.31,13.84,11.89,14.53
2009,NM,10.02,8.4,5.72,8.09
2009,NV,12.86,10.64,7.97,10.36
2009,NY,17.5,15.48,8.37,15.44
2009,OH,10.67,9.65,6.72,9.02
2009,OK,8.49,6.76,4.82,6.94
2009,OR,8.68,7.5,5.4,7.47
2009,PA,11.65,9.55,7.21,9.6
2009,RI,15.6,13.66,12.22,14.22
2009,SC,10.44,8.74,5.79,8.42
2009,SD,8.49,7.14,5.65,7.39
2009,TN,9.32,9.61,6.76,8.69
2009,TX,12.38,9.66,6.74,9.86
2009,US,11.51,10.16,6.83,9.82
2009,UT,8.48,6.96,4.81,6.77
2009,VA,10.61,8.06,6.91,8.93
2009,VT,14.9,12.93,9.21,12.75
2009,WA,7.67,6.97,4.4,6.59
2009,WI,11.94,9.57,6.73,9.38
2009,WV,7.9,6.77,5.24,6.65
2009,WY,8.58,7.28,4.83,6.08
2010,AK,16.26,13.95,14.14,14.76
2010,AL,10.67,10.18,6.01,8.89
2010,AR,8.86,7.31,5.44,7.28
2010,AZ,10.97,9.47,6.63,9.69
2010,CA,14.75,13.09,9.8,13.01
2010,CO,11.04,9.13,6.9,9.15
2010,CT,19.25,16.45,14.51,17.38
2010,DC,14.01,13.42,7.74,13.35
2010,DE,13.8,11.36,9.57,11.97
2010,FL,11.44,9.76,8.85,10.58
2010,GA,10.07,9.06,6.22,8.87
2010,HI,28.1,25.93,21.94,25.12
2010,IA,10.42,7.91,5.36,7.66
2010,ID,7.99,6.64,5.15,6.54
2010,IL,11.52,8.88,6.82,9.13
2010,IN,9.56,8.38,5.87,7.67
2010,KS,10.03,8.25,6.23,8.35
2010,KY,8.57,7.88,5.05,6.73
2010,LA,8.98,8.5,5.84,7.8
2010,MA,14.59,14.53,13.71,14.26
2010,MD,14.32,11.75,9.58,12.71
2010,ME,15.72,12.52,9.17,12.84
2010,MI,12.46,9.81,7.08,9.88
2010,MN,10.59,8.38,6.29,8.41
2010,MO,9.08,7.5,5.5,7.78
2010,MS,9.87,9.32,6.32,8.59
2010,MT,9.16,8.55,5.55,7.84
2010,NC,10.12,8.16,6.17,8.67
2010,ND,8.13,7.21,5.81,7.11
2010,NE,8.94,7.64,6,7.52
2010,NH,16.32,14.25,12.76,14.84
2010,NJ,16.57,13.89,11.81,14.68
2010,NM,10.52,8.57,6.01,8.4
2010,NV,12.36,9.79,7.37,9.73
2010,NY,18.74,16.31,8.79,16.41
2010,OH,11.31,9.73,6.4,9.14
2010,OK,9.14,7.45,5.35,7.59
2010,OR,8.87,7.59,5.4,7.56
2010,PA,12.7,10.1,7.66,10.31
2010,RI,15.92,13.1,11.83,14.07
2010,SC,10.5,8.9,5.74,8.49
2010,SD,8.97,7.55,6.07,7.82
2010,TN,9.23,9.66,6.58,8.61
2010,TX,11.6,9.19,6.44,9.34
2010,US,11.54,10.19,6.77,9.83
2010,UT,8.71,7.15,4.93,6.94
2010,VA,10.45,7.65,6.66,8.69
2010,VT,15.57,13.44,9.53,13.24
2010,WA,8.04,7.37,4.08,6.66
2010,WI,12.65,9.98,6.85,9.78
2010,WV,8.79,7.66,5.86,7.45
2010,WY,8.77,7.42,4.98,6.2
2011,AK,17.62,15.1,15.71,16.08
2011,AL,11.09,10.47,6.25,9.1
2011,AR,9.02,7.5,5.63,7.43
2011,AZ,11.08,9.5,6.55,9.71
2011,CA,14.78,13.05,10.11,13.05
2011,CO,11.27,9.44,7.06,9.39
2011,CT,18.11,15.57,13.24,16.35
2011,DC,13.4,12.9,6.89,12.81
2011,DE,13.7,10.64,8.91,11.48
2011,FL,11.51,9.85,8.55,10.61
2011,GA,11.05,9.87,6.6,9.61
2011,HI,34.68,32.37,28.4,31.59
2011,IA,10.46,7.85,5.21,7.56
2011,ID,7.87,6.41,5.1,6.44
2011,IL,11.78,8.64,6.42,8.97
2011,IN,10.06,8.77,6.17,8.01
2011,KS,10.65,8.78,6.71,8.89
2011,KY,9.2,8.49,5.33,7.17
2011,LA,8.96,8.44,5.69,7.68
2011,MA,14.67,14.33,13.38,14.11
2011,MD,13.31,11.28,8.76,11.93
2011,ME,15.38,12.29,8.88,12.58
2011,MI,13.27,10.33,7.32,10.4
2011,MN,10.96,8.63,6.47,8.65
2011,MO,9.75,8.04,5.85,8.32
2011,MS,10.17,9.48,6.53,8.78
2011,MT,9.75,9.12,5.27,8.23
2011,NC,10.26,8.13,6.01,8.65
2011,ND,8.58,7.61,6.24,7.5
2011,NE,9.32,7.99,6.43,7.88
2011,NH,16.52,14.04,12.27,14.74
2011,NJ,16.23,13.47,11.43,14.3
2011,NM,11,9.07,6.06,8.74
2011,NV,11.61,9.05,6.65,8.97
2011,NY,18.26,15.81,7.83,15.89
2011,OH,11.42,9.63,6.12,9.03
2011,OK,9.47,7.6,5.46,7.8
2011,OR,9.54,8.15,5.47,8.04
2011,PA,13.26,10.03,7.73,10.45
2011,RI,14.33,12.37,11.27,13.04
2011,SC,11.05,9.3,5.94,8.8
2011,SD,9.35,7.76,6.2,8.05
2011,TN,9.98,10.27,7.23,9.28
2011,TX,11.08,8.83,6.24,9
2011,US,11.72,10.24,6.82,9.9
2011,UT,8.96,7.35,5.1,7.13
2011,VA,10.64,7.95,6.49,8.84
2011,VT,16.26,14,9.83,13.8
2011,WA,8.28,7.49,4.09,6.78
2011,WI,13.02,10.42,7.33,10.21
2011,WV,9.39,8.14,6.18,7.88
2011,WY,9.11,7.72,5.41,6.58
2012,AK,17.88,14.93,16.82,16.33
2012,AL,11.4,10.63,6.22,9.18
2012,AR,9.3,7.71,5.77,7.62
2012,AZ,11.29,9.53,6.53,9.81
2012,CA,15.34,13.41,10.49,13.53
2012,CO,11.46,9.39,6.95,9.39
2012,CT,17.34,14.65,12.67,15.54
2012,DC,12.28,12.02,5.46,11.85
2012,DE,13.58,10.13,8.36,11.06
2012,FL,11.42,9.66,8.04,10.44
2012,GA,11.17,9.58,5.98,9.37
2012,HI,37.34,34.88,30.82,34.04
2012,IA,10.82,8.01,5.3,7.71
2012,ID,8.67,6.86,5.48,6.92
2012,IL,11.38,7.99,5.8,8.4
2012,IN,10.53,9.14,6.34,8.29
2012,KS,11.24,9.24,7.09,9.33
2012,KY,9.43,8.73,5.35,7.26
2012,LA,8.37,7.75,4.76,6.9
2012,MA,14.91,13.84,12.57,13.79
2012,MD,12.84,10.43,8.09,11.28
2012,ME,14.66,11.53,7.98,11.81
2012,MI,14.13,10.93,7.62,10.98
2012,MN,11.35,8.84,6.54,8.86
2012,MO,10.17,8.2,5.89,8.53
2012,MS,10.26,9.33,6.24,8.6
2012,MT,10.08,9.13,5.1,8.25
2012,NC,10.91,8.66,6.42,9.15
2012,ND,9.06,8.02,6.55,7.83
2012,NE,10.04,8.38,7.01,8.37
2012,NH,16.07,13.36,11.83,14.19
2012,NJ,15.78,12.78,10.52,13.68
2012,NM,11.38,9.32,5.83,8.83
2012,NV,11.83,8.83,6.48,8.95
2012,NY,17.62,15.06,6.7,15.15
2012,OH,11.76,9.47,6.24,9.12
2012,OK,9.51,7.32,5.09,7.54
2012,OR,9.8,8.31,5.59,8.21
2012,PA,12.75,9.44,7.23,9.91
2012,RI,14.4,11.87,10.68,12.74
2012,SC,11.77,9.63,6.02,9.1
2012,SD,10.07,8.1,6.57,8.49
2012,TN,10.1,10.31,7.08,9.27
2012,TX,10.98,8.16,5.57,8.55
2012,US,11.88,10.09,6.67,9.84
2012,UT,9.93,8.06,5.62,7.84
2012,VA,11.08,8.08,6.72,9.07
2012,VT,17.01,14.32,9.98,14.22
2012,WA,8.53,7.68,4.13,6.94
2012,WI,13.19,10.51,7.34,10.28
2012,WV,9.85,8.42,6.33,8.14
2012,WY,9.85,8.24,6.03,7.19
2013,AK,18.12,15.58,15.83,16.49
2013,AL,11.26,10.51,5.95,9.02
2013,AR,9.59,8.05,6.04,7.93
2013,AZ,11.71,9.85,6.66,10.14
2013,CA,16.23,14.2,11.44,14.3
2013,CO,11.93,9.86,7.34,9.88
2013,CT,17.55,14.63,12.61,15.66
2013,DC,12.57,11.94,5.54,11.85
2013,DE,12.95,10.2,8.43,10.9
2013,FL,11.27,9.39,7.61,10.22
2013,GA,11.46,9.99,6.27,9.69
2013,HI,36.98,34.05,29.87,33.26
2013,IA,11.04,8.44,5.62,8.07
2013,ID,9.32,7.37,6.09,7.57
2013,IL,10.63,8.14,5.94,8.26
2013,IN,10.99,9.6,6.7,8.73
2013,KS,11.64,9.68,7.39,9.72
2013,KY,9.79,8.56,5.66,7.69
2013,LA,9.43,8.96,5.92,8.04
2013,MA,15.83,14.23,13.18,14.51
2013,MD,13.25,10.68,8.36,11.66
2013,ME,14.35,11.74,8.34,11.86
2013,MI,14.59,11.06,7.72,11.21
2013,MN,11.81,9.42,6.98,9.41
2013,MO,10.6,8.8,6.29,9.04
2013,MS,10.78,10.1,6.34,9.11
2013,MT,10.33,9.54,5.43,8.58
2013,NC,10.97,8.76,6.45,9.24
2013,ND,9.12,8.39,7.13,8.2
2013,NE,10.31,8.6,7.44,8.74
2013,NH,16.33,13.52,11.4,14.3
2013,NJ,15.73,12.77,10.8,13.7
2013,NM,11.68,9.74,6.36,9.25
2013,NV,11.89,9.01,6.52,9.03
2013,NY,18.79,15.35,6.58,15.44
2013,OH,12.01,9.35,6.22,9.2
2013,OK,9.67,7.77,5.49,7.86
2013,OR,9.9,8.68,5.8,8.44
2013,PA,12.79,9.25,6.97,9.81
2013,RI,15.2,12.92,11.82,13.72
2013,SC,11.99,9.88,6.01,9.24
2013,SD,10.26,8.51,6.97,8.86
2013,TN,9.98,10,6.29,9.13
2013,TX,11.35,8.02,5.81,8.66
2013,US,12.13,10.26,6.89,10.07
2013,UT,10.37,8.32,5.87,8.15
2013,VA,10.84,8,6.63,8.96
2013,VT,17.14,14.66,10.84,14.61
2013,WA,8.7,7.78,4.23,7.09
2013,WI,13.55,10.75,7.4,10.51
2013,WV,9.52,8.17,6.2,7.91
2013,WY,10.16,8.57,6.42,7.55
2014,AK,19.14,17.09,15.66,17.46
2014,AL,11.48,10.79,6.15,9.27
2014,AR,9.51,8.05,6.02,7.9
2014,AZ,11.9,10.13,6.46,10.18
2014,CA,16.25,15.62,12.34,15.15
2014,CO,12.18,10.08,7.47,10.06
2014,CT,19.75,15.55,12.92,17.05
2014,DC,12.74,12.19,8.41,12.11
2014,DE,13.29,10.5,8.58,11.22
2014,FL,11.89,9.87,7.9,10.77
2014,GA,11.65,10.36,6.64,10.03
2014,HI,37.04,34.21,30.22,33.43
2014,IA,11.16,8.67,5.71,8.15
2014,ID,9.72,7.78,6.4,7.93
2014,IL,11.91,9.26,6.85,9.36
2014,IN,11.46,9.96,6.97,9.06
2014,KS,12.17,10.13,7.8,10.16
2014,KY,10.16,9.44,5.68,8.15
2014,LA,9.57,9.1,6.05,8.09
2014,MA,17.39,14.68,12.74,15.35
2014,MD,13.63,11.15,9.04,12.1
2014,ME,15.27,12.7,8.95,12.65
2014,MI,14.46,10.87,7.68,11.03
2014,MN,12.01,9.85,6.72,9.52
2014,MO,10.64,8.9,6.36,9.11
2014,MS,11.32,10.76,6.6,9.6
2014,MT,10.18,9.64,5.49,8.59
2014,NC,11.1,8.75,6.5,9.33
2014,ND,9.15,8.79,7.62,8.41
2014,NE,10.4,8.73,7.47,8.84
2014,NH,17.53,14.34,11.93,15.22
2014,NJ,15.78,13.15,11.38,13.95
2014,NM,12.28,10.27,6.61,9.65
2014,NV,12.93,9.47,7.12,9.73
2014,NY,20.07,16.12,6.58,16.25
2014,OH,12.5,9.83,6.77,9.73
2014,OK,10.03,8.09,5.85,8.18
2014,OR,10.47,8.75,5.97,8.68
2014,PA,13.32,9.73,7.41,10.28
2014,RI,17.17,14.56,12.86,15.41
2014,SC,12.45,10.28,6.29,9.67
2014,SD,10.47,8.89,6.99,9.05
2014,TN,10.32,10.38,6.4,9.4
2014,TX,11.86,8.16,6.16,8.94
2014,US,12.52,10.74,7.1,10.44
2014,UT,10.65,8.53,6.08,8.35
2014,VA,11.1,8.15,6.89,9.17
2014,VT,17.47,14.56,10.23,14.57
2014,WA,8.67,7.97,4.32,7.13
2014,WI,13.67,10.77,7.52,10.57
2014,WV,9.34,7.99,5.87,7.65
2014,WY,10.5,8.88,6.61,7.76
2015,AK,19.83,17.44,14.53,17.59
2015,AL,11.7,10.83,6.03,9.33
2015,AR,9.82,8.32,6.23,8.19
2015,AZ,12.13,10.39,6.26,10.34
2015,CA,16.99,15.73,12.17,15.42
2015,CO,12.12,9.88,7.4,9.94
2015,CT,20.94,15.97,12.95,17.77
2015,DC,12.99,12.01,8.78,12.07
2015,DE,13.42,10.25,8.28,11.17
2015,FL,11.58,9.5,8.22,10.49
2015,GA,11.54,9.89,5.87,9.62
2015,HI,29.6,26.93,23.06,26.17
2015,IA,11.63,8.92,5.9,8.35
2015,ID,9.93,7.8,6.6,8.09
2015,IL,12.5,9.02,6.67,9.4
2015,IN,11.57,9.78,6.86,8.99
2015,KS,12.34,10.1,7.61,10.14
2015,KY,10.24,9.44,5.48,8.14
2015,LA,9.33,8.66,5.41,7.65
2015,MA,19.83,15.79,13.54,16.9
2015,MD,13.82,11,8.53,12.07
2015,ME,15.61,12.47,9.05,12.78
2015,MI,14.42,10.55,7.02,10.76
2015,MN,12.12,9.44,7.02,9.53
2015,MO,11.21,9.16,6.44,9.44
2015,MS,11.27,10.55,6.56,9.53
2015,MT,10.88,10.23,5.32,8.9
2015,NC,11.28,8.73,6.51,9.37
2015,ND,9.62,8.83,8.07,8.75
2015,NE,10.6,8.67,7.59,8.91
2015,NH,18.5,14.96,12.74,16.02
2015,NJ,15.81,12.79,10.64,13.74
2015,NM,12.47,10.3,6.33,9.62
2015,NV,12.76,9.25,6.75,9.48
2015,NY,18.54,15.31,6.31,15.28
2015,OH,12.8,10.07,7.02,9.98
2015,OK,10.14,7.68,5.35,7.9
2015,OR,10.66,8.8,5.97,8.75
2015,PA,13.64,9.6,7.2,10.31
2015,RI,19.29,15.78,13.76,17.01
2015,SC,12.57,10.21,6.05,9.58
2015,SD,11.08,9.16,7.37,9.47
2015,TN,10.3,10.16,6.17,9.3
2015,TX,11.56,8.15,5.59,8.7
2015,US,12.65,10.64,6.91,10.41
2015,UT,10.88,8.62,6.17,8.54
2015,VA,11.37,8.21,6.95,9.31
2015,VT,17.09,14.54,10.27,14.41
2015,WA,9.09,8.22,4.35,7.4
2015,WI,14.11,10.89,7.58,10.73
2015,WV,10.08,8.61,6.09,8.11
2015,WY,10.97,9.12,6.76,7.97
2016,AK,20.3,17.56,15.22,17.93
2016,AL,11.99,11.11,6.04,9.56
2016,AR,9.92,8.23,6.08,8.13
2016,AZ,12.15,10.41,6.07,10.33
2016,CA,17.39,15.07,11.92,15.23
2016,CO,12.07,9.6,7.35,9.83
2016,CT,20.01,15.75,12.81,17.24
2016,DC,12.29,11.72,8.8,11.73
2016,DE,13.42,10.07,8.11,11.09
2016,FL,10.98,8.9,7.69,9.91
2016,GA,11.5,9.81,5.84,9.59
2016,HI,27.47,24.64,20.69,23.87
2016,IA,11.94,9.17,6.05,8.55
2016,ID,9.95,7.76,6.55,8.08
2016,IL,12.54,9.02,6.51,9.38
2016,IN,11.79,10.01,6.97,9.22
2016,KS,13.06,10.47,7.49,10.49
2016,KY,10.49,9.57,5.67,8.42
2016,LA,9.34,8.59,5.08,7.46
2016,MA,19,15.6,13.38,16.48
2016,MD,14.23,10.99,7.89,12.21
2016,ME,15.83,12.08,8.96,12.8
2016,MI,15.22,10.64,6.91,11.05
2016,MN,12.67,9.86,7.37,9.99
2016,MO,11.21,9.26,7.12,9.74
2016,MS,10.47,9.57,5.79,8.67
2016,MT,10.94,10.19,5.06,8.84
2016,NC,11.03,8.62,6.31,9.2
2016,ND,10.16,9.15,7.98,8.94
2016,NE,10.84,8.8,7.69,9.05
2016,NH,18.38,14.43,12.34,15.66
2016,NJ,15.72,12.26,10.16,13.38
2016,NM,12.03,9.75,5.84,9.12
2016,NV,11.41,7.93,5.88,8.39
2016,NY,17.58,14.45,6.03,14.47
2016,OH,12.47,9.97,6.98,9.84
2016,OK,10.2,7.66,5.02,7.83
2016,OR,10.66,8.91,6.05,8.83
2016,PA,13.86,9.22,6.92,10.19
2016,RI,18.62,14.88,13.48,16.28
2016,SC,12.65,10.28,6.09,9.79
2016,SD,11.47,9.58,7.57,9.83
2016,TN,10.41,10.19,5.68,9.23
2016,TX,10.99,8.26,5.33,8.43
2016,US,12.55,10.43,6.76,10.27
2016,UT,11.02,8.75,6.33,8.72
2016,VA,11.36,7.93,6.56,9.09
2016,VT,17.37,14.54,10.23,14.46
2016,WA,9.48,8.43,4.43,7.68
2016,WI,14.07,10.77,7.5,10.67
2016,WV,11.44,9.35,6.57,8.98
2016,WY,11.13,9.4,6.92,8.19
2017,AK,21.27,18.89,16.34,19.1
2017,AL,12.55,11.6,6.16,9.83
2017,AR,10.28,8.51,6.07,8.26
2017,AZ,12.44,10.5,6.45,10.64
2017,CA,18.31,15.76,12.73,16.06
2017,CO,12.17,9.89,7.5,9.99
2017,CT,20.29,16.06,13.1,17.55
2017,DC,12.94,11.66,8.23,11.8
2017,DE,13.35,9.89,7.78,10.91
2017,FL,11.61,9.35,7.83,10.42
2017,GA,11.9,10.09,5.96,9.83
2017,HI,29.5,26.77,22.92,26.05
2017,IA,12.34,9.46,6.21,8.73
2017,ID,10.04,7.98,6.66,8.26
2017,IL,12.95,9.09,6.47,9.49
2017,IN,12.29,10.54,7.54,9.77
2017,KS,13.31,10.59,7.54,10.6
2017,KY,10.85,9.85,5.72,8.57
2017,LA,9.74,8.95,5.48,7.79
2017,MA,20.06,15.94,13.88,17.12
2017,MD,13.96,10.75,8.37,11.98
2017,ME,15.97,12.12,9.2,13.02
2017,MI,15.4,11,7.19,11.28
2017,MN,13.04,10.48,7.37,10.27
2017,MO,11.63,9.47,7.33,10.03
2017,MS,11.08,10.17,5.99,9.09
2017,MT,10.95,10.12,5.25,8.92
2017,NC,10.94,8.44,6.2,9.04
2017,ND,10.29,9.19,7.63,8.78
2017,NE,10.97,8.85,7.66,9.08
2017,NH,19.2,14.81,12.34,16.17
2017,NJ,15.65,12.28,10.12,13.32
2017,NM,12.88,10.19,6.15,9.59
2017,NV,11.99,7.96,6.15,8.76
2017,NY,18.03,14.75,5.92,14.74
2017,OH,12.63,10.05,6.92,9.84
2017,OK,10.61,8.11,5.42,8.2
2017,OR,10.66,8.86,5.98,8.81
2017,PA,14.23,8.98,6.77,10.13
2017,RI,18.32,15.2,14.57,16.42
2017,SC,13.02,10.57,6.19,9.97
2017,SD,11.77,9.74,7.84,10.05
2017,TN,10.72,10.55,5.83,9.45
2017,TX,11.01,8.26,5.35,8.38
2017,US,12.89,10.66,6.88,10.48
2017,UT,10.95,8.65,6.13,8.6
2017,VA,11.55,8.01,6.51,9.18
2017,VT,17.68,14.61,10.21,14.6
2017,WA,9.66,8.57,4.6,7.94
2017,WI,14.35,10.87,7.49,10.76
2017,WV,11.63,9.58,6.64,9
2017,WY,11.37,9.7,6.92,8.28
2018,AK,21.94,18.58,17.1,19.36
2018,AL,12.18,11.24,6.01,9.63
2018,AR,9.81,7.75,5.64,7.78
2018,AZ,12.77,10.64,6.55,10.85
2018,CA,18.84,16.34,13.2,16.58
2018,CO,12.15,10.02,7.47,10.02
2018,CT,21.2,16.76,13.77,18.41
2018,DC,12.84,11.97,8.3,12.03
2018,DE,12.53,9.65,7.95,10.55
2018,FL,11.54,9.19,7.65,10.32
2018,GA,11.47,9.79,6,9.62
2018,HI,32.47,29.9,26.1,29.18
2018,IA,12.24,9.68,6.45,8.92
2018,ID,10.15,7.93,6.47,8.17
2018,IL,12.77,9.12,6.8,9.6
2018,IN,12.26,10.6,7.38,9.75
2018,KS,13.35,10.66,7.6,10.72
2018,KY,10.6,9.74,5.68,8.52
2018,LA,9.59,8.85,5.35,7.71
2018,MA,21.61,17.17,14.89,18.5
2018,MD,13.3,10.43,8.23,11.57
2018,ME,16.84,12.51,9.32,13.44
2018,MI,15.45,11.15,7.1,11.4
2018,MN,13.14,10.38,7.52,10.37
2018,MO,11.34,9.4,7.22,9.93
2018,MS,11.12,10.43,6,9.24
2018,MT,10.96,10.11,5.19,8.84
2018,NC,11.09,8.58,6.33,9.25
2018,ND,10.25,9.1,7.98,8.91
2018,NE,10.7,8.83,7.6,9.02
2018,NH,19.69,15.81,13.42,17.01
2018,NJ,15.41,12.21,10.07,13.23
2018,NM,12.68,10.02,5.84,9.35
2018,NV,11.85,7.74,6.1,8.67
2018,NY,18.52,14.5,6.02,14.83
2018,OH,12.56,10.11,7.01,9.94
2018,OK,10.3,8.07,5.34,8.09
2018,OR,10.98,8.91,5.86,8.85
2018,PA,13.89,8.94,6.84,10.1
2018,RI,20.55,16.58,15.39,18.1
2018,SC,12.44,10.11,6.1,9.67
2018,SD,11.59,9.62,7.77,9.97
2018,TN,10.71,10.51,5.68,9.58
2018,TX,11.2,8.16,5.39,8.48
2018,US,12.87,10.67,6.92,10.53
2018,UT,10.41,8.23,5.9,8.21
2018,VA,11.73,8.32,6.86,9.48
2018,VT,18.02,15.24,10.66,15.13
2018,WA,9.75,8.72,4.72,8
2018,WI,14.02,10.67,7.33,10.58
2018,WV,11.18,9.24,6.4,8.72
2018,WY,11.29,9.58,6.71,8.09
2019,AK,22.92,19.8,16.94,20.22
2019,AL,12.53,11.52,5.95,9.83
2019,AR,9.8,8.78,6.13,8.22
2019,AZ,12.43,10.25,6.28,10.52
2019,CA,19.15,16.67,13.4,16.89
2019,CO,12.18,10.43,7.4,10.17
2019,CT,21.87,16.75,13.44,18.66
2019,DC,12.98,12.26,8.22,12.27
2019,DE,12.55,9.53,7.7,10.52
2019,FL,11.7,9.27,7.65,10.44
2019,GA,11.76,10.02,6.17,9.86
2019,HI,32.06,29.23,25.76,28.72
2019,IA,12.46,9.99,6.6,9.08
2019,ID,9.89,7.67,6.08,7.89
2019,IL,13.03,9.08,6.52,9.56
2019,IN,12.58,11.03,7.36,9.91
2019,KS,12.71,10.29,7.35,10.26
2019,KY,10.8,10.15,5.57,8.61
2019,LA,9.8,8.91,5.23,7.71
2019,MA,21.92,16.8,14.76,18.4
2019,MD,13.12,9.97,7.8,11.24
2019,ME,17.89,12.83,9.22,14.04
2019,MI,15.74,11.39,7.07,11.56
2019,MN,13.04,10.34,7.53,10.33
2019,MO,11.14,9.07,7.11,9.68
2019,MS,11.27,10.52,5.85,9.28
2019,MT,11.13,10.41,5.45,9.02
2019,NC,11.42,8.81,6.3,9.45
2019,ND,10.3,9.01,7.94,8.85
2019,NE,10.77,8.85,7.65,9.08
2019,NH,20.05,15.93,13.09,17.15
2019,NJ,15.85,12.23,10.16,13.42
2019,NM,12.51,9.79,5.48,8.99
2019,NV,12,8.04,6.14,8.78
2019,NY,17.94,14.06,5.61,14.34
2019,OH,12.38,9.72,6.55,9.58
2019,OK,10.21,7.98,5.07,7.86
2019,OR,11.01,8.85,5.86,8.81
2019,PA,13.8,8.71,6.41,9.81
2019,RI,21.73,16.38,15.59,18.49
2019,SC,12.99,10.58,6.11,10.02
2019,SD,11.55,9.59,7.81,9.96
2019,TN,10.87,10.65,5.68,9.69
2019,TX,11.76,8.06,5.45,8.6
2019,US,13.01,10.68,6.81,10.54
2019,UT,10.4,8.26,5.98,8.24
2019,VA,12.07,8.18,6.85,9.52
2019,VT,17.71,15.98,11.05,15.36
2019,WA,9.71,8.75,4.8,8.04
2019,WI,14.18,10.72,7.31,10.66
2019,WV,11.25,9.16,6.02,8.49
2019,WY,11.18,9.64,6.73,8.1
2020,AK,22.57,19.58,15.88,19.82
2020,AL,12.58,11.55,5.87,9.84
2020,AR,10.41,8.61,5.89,8.32
2020,AZ,12.27,10.11,6.07,10.44
2020,CA,20.45,17.53,14.27,18
2020,CO,12.36,10.29,7.48,10.27
2020,CT,22.71,16.58,13.07,19.13
2020,DC,12.63,11.85,7.99,11.9
2020,DE,12.56,9.18,6.7,10.24
2020,FL,11.27,8.85,7.15,10.06
2020,GA,12.02,10.08,5.77,9.93
2020,HI,30.28,28.41,24.45,27.55
2020,IA,12.46,9.96,6.43,8.97
2020,ID,9.95,7.75,6.23,7.99
2020,IL,13.04,9.15,6.7,9.75
2020,IN,12.83,11.21,6.98,9.92
2020,KS,12.85,10.4,7.3,10.38
2020,KY,10.87,10.34,5.31,8.58
2020,LA,9.67,8.85,4.88,7.51
2020,MA,21.97,16.03,14.51,18.19
2020,MD,13.01,9.72,7.81,11.15
2020,ME,16.81,12.56,8.86,13.54
2020,MI,16.26,11.71,7.24,12.21
2020,MN,13.17,10.43,7.67,10.57
2020,MO,11.22,8.93,6.84,9.64
2020,MS,11.17,10.38,5.63,9.13
2020,MT,11.24,10.51,5.18,9.13
2020,NC,11.38,8.69,6.31,9.43
2020,ND,10.44,9.02,7.26,8.53
2020,NE,10.8,8.89,7.38,8.97
2020,NH,19.04,15.41,13.11,16.63
2020,NJ,16.03,12.35,10.01,13.63
2020,NM,12.94,10.28,5.58,9.33
2020,NV,11.34,7.45,5.61,8.33
2020,NY,18.36,14.56,5.54,14.87
2020,OH,12.29,9.53,6.16,9.44
2020,OK,10.12,7.82,4.61,7.63
2020,OR,11.17,9,5.7,8.82
2020,PA,13.58,8.5,6.16,9.7
2020,RI,22.01,15.94,15.76,18.54
2020,SC,12.78,10.35,5.98,9.9
2020,SD,11.75,9.65,7.79,10.06
2020,TN,10.76,10.56,5.33,9.52
2020,TX,11.71,7.6,5.07,8.36
2020,US,13.15,10.59,6.67,10.59
2020,UT,10.44,8.27,5.9,8.27
2020,VA,12.03,7.63,6.28,9.16
2020,VT,19.54,16.39,11.2,16.33
2020,WA,9.87,8.92,5.08,8.33
2020,WI,14.32,10.75,7.29,10.82
2020,WV,11.8,9.4,6.09,8.75
2020,WY,11.11,9.65,6.88,8.27
2021,AK,22.55,19.61,16.85,20.02
2021,AL,12.96,11.84,6.33,10.18
2021,AR,11.27,9.56,6.57,9.1
2021,AZ,12.54,10.33,6.79,10.73
2021,CA,22.82,19.18,14.82,19.65
2021,CO,13.07,10.84,8.01,10.9
2021,CT,21.91,16.46,9.63,18.32
2021,DC,13.09,13,7.87,12.81
2021,DE,12.52,9.48,7.6,10.5
2021,FL,11.9,9.51,7.65,10.67
2021,GA,12.51,10.61,6.49,10.43
2021,HI,33.49,30.88,27.12,30.31
2021,IA,12.73,10.17,6.63,9.13
2021,ID,10.16,7.89,6.39,8.17
2021,IL,13.18,9.65,7.3,10.14
2021,IN,13.37,11.58,7.39,10.36
2021,KS,12.98,10.52,7.38,10.47
2021,KY,11.5,10.75,5.95,9.12
2021,LA,11.02,10.23,6.21,8.82
2021,MA,22.89,16.99,15.18,19.06
2021,MD,13.12,10.26,8.46,11.48
2021,ME,17.02,12.9,9.55,13.96
2021,MI,17.54,12.31,7.69,12.93
2021,MN,13.5,11.22,8.29,11.08
2021,MO,11.42,9.17,7.11,9.85
2021,MS,11.56,10.81,5.95,9.5
2021,MT,11.22,10.54,6.24,9.5
2021,NC,11.32,8.5,6.14,9.29
2021,ND,10.85,9.17,7.37,8.65
2021,NE,10.75,8.81,7.26,8.84
2021,NH,19.85,16.13,13.81,17.37
2021,NJ,16.35,12.69,10.7,14.01
2021,NM,13.52,10.8,6.16,9.79
2021,NV,11.49,7.77,6.02,8.58
2021,NY,19.48,16.07,6.34,16.11
2021,OH,12.77,9.75,6.55,9.76
2021,OK,11,8.7,5.5,8.52
2021,OR,11.37,9.11,5.97,8.95
2021,PA,13.76,8.91,6.54,9.97
2021,RI,22.3,15.51,16.06,18.44
2021,SC,12.86,10.67,6.07,9.96
2021,SD,12.22,10.15,8.02,10.43
2021,TN,11.07,10.87,5.51,9.78
2021,TX,12.11,8.72,6.12,9.14
2021,US,13.66,11.22,7.18,11.1
2021,UT,10.43,8.13,6.19,8.34
2021,VA,11.96,7.79,6.49,9.14
2021,VT,19.26,16.59,11.38,16.34
2021,WA,10.11,9.14,5.81,8.75
2021,WI,14.52,10.95,7.63,11.01
2021,WV,12.15,9.5,6.07,8.87
2021,WY,11.17,9.68,6.83,8.25
2022,AK,23.1,20.06,18.43,20.73
2022,AL,14.25,13.16,7.72,11.59
2022,AR,12.05,10.26,7.38,9.91
2022,AZ,13.02,10.8,7.86,11.31
2022,CA,25.84,21.81,17.09,22.33
2022,CO,14.19,11.58,8.63,11.75
2022,CT,24.61,18.54,15.07,21.08
2022,DC,14.18,15.6,7.74,14.94
2022,DE,13.71,10.98,8.79,11.83
2022,FL,13.9,11.19,9.16,12.51
2022,GA,13.8,12.1,8.65,12
2022,HI,43.03,40.18,36.71,39.72
2022,IA,13.15,10.55,7.06,9.57
2022,ID,10.37,8.27,6.71,8.51
2022,IL,15.65,11.32,8.57,11.94
2022,IN,14.59,12.86,8.65,11.66
2022,KS,13.99,11.51,8.3,11.47
2022,KY,12.91,11.78,7.41,10.51
2022,LA,12.93,11.93,7.54,10.41
2022,MA,25.97,18.67,17.06,21.27
2022,MD,14.46,12.65,10.01,13.32
2022,ME,22.44,15.4,11.03,17.44
2022,MI,17.86,12.55,8.33,13.2
2022,MN,14.25,12.3,9.25,12.04
2022,MO,11.74,9.55,7.67,10.26
2022,MS,12.41,11.76,6.71,10.36
2022,MT,11.33,10.68,7.49,9.97
2022,NC,11.62,8.75,6.54,9.6
2022,ND,10.92,8.45,7.28,8.42
2022,NE,10.79,8.82,7.21,8.83
2022,NH,25.46,18.69,15.15,21.07
2022,NJ,16.74,13.75,12.12,14.8
2022,NM,13.84,11.07,6.56,10.02
2022,NV,13.78,10.14,8.5,10.94
2022,NY,22.08,18.19,7.55,18.33
2022,OH,13.85,10.39,7.45,10.64
2022,OK,12.44,10.34,6.96,10.05
2022,OR,11.42,9.35,6.81,9.26
2022,PA,15.94,10.73,8.21,11.86
2022,RI,23.21,16.23,17.96,19.3
2022,SC,13.59,10.86,7.13,10.74
2022,SD,12.09,10.21,8.04,10.44
2022,TN,12.25,12.02,6.55,10.89
2022,TX,13.76,9.05,7.13,10.16
2022,US,15.04,12.41,8.32,12.36
2022,UT,10.84,8.39,6.84,8.8
2022,VA,13.34,9.66,7.99,10.75
2022,VT,19.93,17.29,11.88,16.99
2022,WA,10.26,9.49,6.17,9.05
2022,WI,15.62,11.85,8.49,11.95
2022,WV,13.23,10.42,6.74,9.74
2022,WY,11.09,9.55,6.89,8.24
2023,AK,23.9,20.87,18.7,21.41
2023,AL,14.63,13.16,7.11,11.47
2023,AR,12.25,10.34,6.87,9.73
2023,AZ,14.02,11.79,8.11,12.19
2023,CA,29.51,23.91,18.64,24.87
2023,CO,14.3,11.64,8.5,11.76
2023,CT,29.88,19.99,15.69,24.24
2023,DC,16.45,16.94,10.85,16.5
2023,DE,15.73,11.83,7.85,12.85
2023,FL,15.21,11.95,9.39,13.53
2023,GA,13.69,10.7,6.88,11.06
2023,HI,42.39,39.03,35.28,38.6
2023,IA,13.31,10.33,6.91,9.42
2023,ID,11.05,8.78,7.17,9.08
2023,IL,15.71,11.24,8.2,11.75
2023,IN,14.94,12.55,8.24,11.49
2023,KS,13.38,10.85,7.64,10.8
2023,KY,12.65,11.38,6.55,9.96
2023,LA,11.55,10.45,5.88,8.91
2023,MA,29.61,19.62,17.88,23.21
2023,MD,16.6,12.77,9.94,14.34
2023,ME,27.42,17.88,12.3,20.84
2023,MI,18.84,13.4,8.16,13.68
2023,MN,14.73,12.39,9.2,12.21
2023,MO,12.58,10.14,7.9,10.87
2023,MS,13.23,12.37,6.96,10.95
2023,MT,12.54,12.11,7.8,10.97
2023,NC,12.93,9.67,7.15,10.61
2023,ND,11.01,7.38,7.37,8.03
2023,NE,11.2,8.76,7.63,9.14
2023,NH,28.15,20.4,15.76,22.96
2023,NJ,17.7,14,11.68,15.27
2023,NM,13.85,10.68,5.75,9.47
2023,NV,16.67,11.91,10.36,13.09
2023,NY,22.25,18.01,6.87,18.28
2023,OH,15.38,10.75,7.03,11.04
2023,OK,12.08,9.34,6.26,9.3
2023,OR,12.73,9.92,7.52,10.32
2023,PA,18.1,11.26,7.75,12.57
2023,RI,27.02,17.68,18.98,21.62
2023,SC,13.68,10.39,6.68,10.5
2023,SD,12.32,10.16,8.01,10.49
2023,TN,12.19,11.8,6.23,10.69
2023,TX,14.46,8.82,6.6,10.04
2023,US,16,12.59,8.04,12.68
2023,UT,11.2,8.51,6.99,9.03
2023,VA,14.26,8.95,8.92,10.68
2023,VT,20.82,18,11.27,17.53
2023,WA,10.98,9.92,6.35,9.58
2023,WI,16.88,12.76,8.68,12.72
2023,WV,14.05,11.03,7.24,10.26
2023,WY,11.46,8.94,7.06,8.39
2024,AK,24.82,21.57,19.31,22.17
2024,AL,15.18,13.64,7.25,11.9
2024,AR,12.32,10.24,6.61,9.59
2024,AZ,14.91,12.23,7.9,12.74
2024,CA,31.97,25.54,21.53,27.04
2024,CO,14.92,11.71,8.62,12.07
2024,CT,28.75,21.21,17.12,24.37
2024,DC,17.71,17.07,10.8,16.88
2024,DE,16.57,12.2,8.49,13.56
2024,FL,14.14,10.99,8.5,12.53
2024,GA,14.08,10.87,7.21,11.4
2024,HI,42.86,38.18,34.13,38
2024,IA,13.4,10.22,6.8,9.34
2024,ID,11.52,9.17,7.69,9.51
2024,IL,15.87,11.81,8.83,12.21
2024,IN,14.77,12.44,8.15,11.38
2024,KS,14.15,11.19,7.73,11.21
2024,KY,12.79,11.5,6.5,10.07
2024,LA,11.73,10.46,5.61,8.8
2024,MA,29.35,20.9,18.19,23.94
2024,MD,17.86,12.96,10.01,15.04
2024,ME,24.29,18.22,12.46,19.66
2024,MI,19.3,14.01,8.26,14.16
2024,MN,15.45,12.15,9.15,12.35
2024,MO,12.91,10.26,7.87,11.06
2024,MS,13.39,12.32,6.81,10.93
2024,MT,12.66,11.87,7.59,10.83
2024,NC,14.13,10.56,7.77,11.65
2024,ND,11.51,7.19,7.25,7.93
2024,NE,11.53,8.39,7.66,9.07
2024,NH,23.4,19.4,16.21,20.61
2024,NJ,19.34,14.64,11.93,16.29
2024,NM,14.2,10.54,5.43,9.18
2024,NV,15,10.19,8.64,11.47
2024,NY,24.43,18.77,9.17,19.66
2024,OH,15.99,10.66,7.1,11.29
2024,OK,12.24,8.92,5.84,9.09
2024,OR,14.7,10.11,8.05,11.11
2024,PA,17.77,11.03,7.87,12.51
2024,RI,28.65,21.09,19.7,24.15
2024,SC,14.23,10.64,6.84,10.9
2024,SD,12.86,10.55,8.28,10.87
2024,TN,12.42,12.05,6.21,10.9
2024,TX,14.94,8.55,6.12,9.79
2024,US,16.48,12.75,8.13,12.94
2024,UT,12.22,9.39,7.86,9.97
2024,VA,14.41,8.72,8.99,10.62
2024,VT,21.9,18.89,11.58,18.41
2024,WA,11.9,9.99,6.61,10.13
2024,WI,17.18,12.63,8.54,12.72
2024,WV,15.07,11.62,7.81,11.05
2024,WY,12.47,9.27,7.96,9.14
